plate,delta_x_px,delta_y_px,scatter_px,offset_arcsec,n_tiles,status
XE002,0.0233449954557727,-0.0100673360593646,0.0128155238421665,0.0431970593184586,4,ok
XE003,-4.967522545484826e-05,-0.0142954401444512,0.0151395809913423,0.02428979203298,4,ok
XE004,0.000333183931616,0.003745358987544,0.0075114995229919,0.006388939476831,4,ok
XE005,0.029385524177087,-0.0126049310056259,0.0142996730493817,0.0543291166650601,4,ok
XE006,0.0155024115647393,0.0026354526835348,0.0100348112418896,0.0267183532110466,4,ok
XE007,-0.0008335426018675,-0.0034719740810942,0.0043905914741124,0.0060669228213841,4,ok
XE008,0.0057940225951824,-0.0007705623697802,0.0077354647693115,0.0099314108845315,4,ok
XE009,-0.0024989080620798,-0.007388689680738,0.0164514228253357,0.0132528269008161,4,ok
XE010,-0.0055312433560175,-0.0225319282430973,0.0207338233704126,0.0394211010818689,4,ok
XE011,-0.0037065476062707,-0.0452049245363923,0.0077672804774701,0.0770662810837737,4,ok
XE012,0.0035188567662771,-0.0006682368389192,0.0150987664813216,0.0060858079250315,4,ok
XE013,0.0044943620468984,0.0094318871788345,0.0162313943837352,0.0177523143946037,4,ok
XE014,0.0135370697971666,-0.009332431250641,0.0184429528653842,0.0279372750880003,4,ok
XE015,0.003156614288855,-0.0043619131092782,0.0071240484084686,0.0091485337350493,4,ok
XE016,-0.0068876964378432,-0.0063038456491995,0.0179914483274046,0.0158646014593469,4,ok
XE017,-0.0069783478693352,0.0031283087564588,0.0217020371948676,0.0129939411334514,4,ok
XE018,-0.0054624000113108,-0.0201854736087625,0.0263727842882368,0.0355311276838302,4,ok
XE019,-0.0038402463742386,-0.0025205274923791,0.0107901003068562,0.007804957483039,4,ok
XE020,-0.0036310817240519,-0.0074181428853989,0.0103476273668842,0.0140332778100626,4,ok
XE021,0.0099774065456585,-0.0027976558808404,0.0078635686890338,0.0176066318190752,4,ok
XE022,0.0022058022532291,0.0007342551812143,0.0088953323563633,0.0039501101681726,4,ok
XE023,0.012746805313327,-0.0060791878931922,0.0063996672759813,0.0239953523299434,4,ok
XE024,0.004389987997456,-0.0013907304960412,0.0091075972365181,0.0078244588522542,4,ok
XE025,-0.0087838565723359,-0.0172205118051351,0.0166922149179592,0.0328462995181557,4,ok
XE026,0.0135763270909592,0.0004661525240408,0.0113216102358829,0.0230813809212689,4,ok
XE027,0.0120014163376254,-0.010681632503747,0.0118786268157145,0.0272988246894573,4,ok
XE028,0.0052286965910752,-0.0064328065323024,0.017011360497535,0.0140852988193314,4,ok
XE029,-0.0019527162885424,-0.0153651472855926,0.0194645094954687,0.0263171913463189,4,ok
XE030,0.018180169234256,-0.0050124767353736,0.0191026151652303,0.0320428448058589,4,ok
XE031,0.0093868055046186,0.0087516344769937,0.0112480483425132,0.0218059339672746,4,ok
XE032,0.0153490833317846,0.0030619465314885,0.0125735159541837,0.0265937746216777,4,ok
XE033,-0.000109664843876,0.0080194797510557,0.0153801795244049,0.0136273195816553,4,ok
XE034,-0.0014907972590663,0.0070265537542582,0.0184756417010738,0.0122047018404523,4,ok
XE035,-0.001037772478412,-0.0058284055694457,0.0224590913690154,0.0100589076720912,4,ok
XE036,0.0061249507589309,-0.0018486864123588,0.0089046710119571,0.0108707283751198,4,ok
XE037,-0.0263495840272298,-0.0134627913171243,0.0213520272669539,0.0502763170801787,4,ok
XE038,-0.0103941562929321,-0.0232963302250936,0.0298974959429246,0.043344423363158,4,ok
XE039,0.0089028268548645,0.0050007042132165,0.004626706954374,0.0173499349051946,4,ok
XE040,-0.0011012764825863,0.0007444040529662,0.0074345728356349,0.0022585797991163,4,ok
XE041,-7.71459226598381e-05,-0.0037114220085641,0.0073918095708949,0.0063075075982078,4,ok
XE042,-0.0098616096202022,-0.0094728854119239,0.017385072508046,0.0232342809451709,4,ok
XE043,-0.0234080344553149,0.0058118298284171,0.0130288163761013,0.040980588713331,4,ok
XE044,0.0017329042875644,0.0001288548974116,0.0080256815657991,0.0029525382747257,4,ok
XE045,-0.0128829330460575,-0.0037480008500097,0.0208934448361805,0.0227971719494121,4,ok
XE046,0.0021181737092774,-0.0055735026335241,0.0142826086769577,0.0101308773662437,4,ok
XE047,-0.0075927413445242,-0.0008998290941235,0.0160803370957387,0.0129912478974933,4,ok
XE048,-0.0073339890541319,-0.021811068552779,0.0286677799178775,0.0390985606588813,4,ok
XE049,0.0080225695260196,-0.0133542594940081,0.0116347538189148,0.0264701635072824,4,ok
XE050,0.0137714192956082,-0.0047650753563175,0.0176688752921874,0.024760413163057,4,ok
XE051,0.0064373752366009,-0.0124517069443754,0.0186978558973722,0.0238170588015708,4,ok
XE052,-0.0060456777673607,0.0019919198307434,0.0193525695218311,0.0108155211659169,4,ok
XE053,-0.0015897297289484,-0.026524852575676,0.022270217977542,0.0451497369942678,4,ok
XE054,0.0111998044812935,0.0040185757306971,0.0160254114244544,0.0202176934863219,4,ok
XE055,0.0037209632473604,-0.0021847218222319,0.010666658681822,0.0073315682993166,4,ok
XE056,-0.0113360603236287,-0.0049682229355312,0.0194532651325973,0.0210299454541597,4,ok
XE057,-0.0046725964302822,-0.0067522453819037,0.0099272108705326,0.0139520254845794,4,ok
XE058,0.0089284490877616,0.0074952200277493,0.0068622775909757,0.0198073430364559,4,ok
XE059,-0.0002875424879675,-0.0010287600175615,0.0106580779295088,0.0018149796771527,4,ok
XE060,-0.0130220137534706,0.0018252386460062,0.0090535135589525,0.022342233588472,4,ok
XE061,-0.0176822980133692,-0.0073434463815829,0.0236073115585188,0.0325322328116021,4,ok
XE062,-0.0043815126864501,-0.0212028854621166,0.0215804513792387,0.0367873850630148,4,ok
XE063,0.0040546436111981,-0.0045428920352605,0.0129274510285157,0.0103462224018262,4,ok
XE064,-0.0139970764107602,-0.0199209344309565,0.0265422328766112,0.0413679251034834,4,ok
XE065,-0.0114517335568962,0.002053867939594,0.0151617272554862,0.0197683188883211,4,ok
XE066,-0.0098268132705925,-0.0150308677248176,0.0152158547451825,0.0305129328408463,4,ok
XE067,0.0064022194810604,0.0045309711204026,0.0103120542174303,0.0133267775248895,4,ok
XE068,0.0037176525665927,0.0193998927702523,0.0831463972872459,0.0335625038735652,4,ok
XE069,-0.2339931448259449,0.0260030195618128,0.0915066331149633,0.4000294493082463,4,ok
XE070,0.1887062411042279,0.0141319932185979,0.0929740501717308,0.3215321022355463,4,ok
XE071,0.0263543736855353,-0.0732789328480976,0.0401879468533477,0.1323170932150985,4,ok
XE072,0.0171157222230249,-0.0355180271048993,0.0801846255262246,0.0669909228278989,4,ok
XE073,-0.068214668703149,-0.020524375379864,0.0634541211617743,0.1210374837952395,4,ok
XE074,0.1289452132004953,-0.0747951098378507,0.1460373976894906,0.2532836564122094,4,ok
XE075,-0.0936758252319123,-0.0717826921372761,0.1290682774593706,0.2005241567532999,4,ok
XE076,-0.1246620792517205,0.0454275223728473,0.1442649364469419,0.2254410231695637,4,ok
XE077,-0.1539314795554673,-0.0852650553902094,0.1286115896288099,0.2989918814044747,4,ok
XE078,0.1292987807792087,-0.127213647672761,0.0884533010154337,0.3081991278042215,4,ok
XE079,0.1729972376524529,0.1013931595925896,0.0816518416544939,0.34070869023436,4,ok
XE080,0.1284868079274019,-0.1558425013126907,0.0576322655390852,0.3431871967842039,4,ok
XE081,0.1047982676027459,-0.1721853724470747,0.1068018590413435,0.3424913569055162,4,ok
XE082,-0.1290250802085211,-0.0333204310281871,0.1388537039727109,0.2264212975077214,4,ok
XE083,-0.062477976502123,0.0429668326119099,0.0767061155844819,0.1288380685930711,4,ok
XE084,-0.1310295474322629,0.0088889241255856,0.045175514803671,0.2231464250912131,4,ok
XE085,-0.029909459418377,0.0422354757829452,0.0615741848680395,0.0879351011106556,4,ok
XE086,-0.0313052798837816,-0.0625072388011176,0.1032801739446585,0.1187825401185676,4,ok
XE087,-0.0345043344946134,5.962903242107132e-05,0.0618836595635104,0.0586270371653275,4,ok
XE088,-0.1021400122181148,-0.0217516122197594,0.033003439543306,0.1774396652963519,4,ok
XE089,-0.2549660891027088,0.1006902035287566,0.0635304147682218,0.4657761249147758,4,ok
XE090,-0.0483447906754008,0.0309857203797037,0.1082418255897751,0.0975674805446885,4,ok
XE091,-0.1530843241698676,-0.0077237698319549,0.0850795924819808,0.2604392528485496,4,ok
XE092,-0.1587673895828629,0.0124753239633719,0.0433765098005146,0.2705961024282171,4,ok
XE093,-0.1638031094589678,-0.0752736576710049,0.0243414498747053,0.3063015316397726,4,ok
XE094,-0.1342778237667516,0.1179800753070594,0.0616169025995125,0.3037091897991089,4,ok
XE095,-0.0795727976747002,0.0096375810317113,0.0706632253289357,0.1361916596358654,4,ok
XE096,-0.1088619154061234,-0.0360586283391057,0.0895365645587133,0.1948522230606842,4,ok
XE097,0.6450819444144145,0.8661473574743468,0.0295570654504166,1.8350022153884813,4,ok
XE098,0.7405605090089011,0.9841191350642476,0.0254765871372029,2.092690632281856,4,ok
XE099,0.6840837674008071,0.963687850941824,0.0489808677318711,2.0080279267823,4,ok
XE100,0.512769792292147,0.8468308635001449,0.0596299568486141,1.6820889178332314,4,ok
XE101,0.6205060423963005,0.9018412731088574,0.0774870956260447,1.8600073271600743,4,ok
XE102,0.7199923993593984,1.073732549737997,0.0623650516564941,2.196593195212282,4,ok
XE104,0.8802843081821266,0.9868008293005914,0.077302370477999,2.2468721434745627,4,ok
XE105,-0.0147572830792341,-0.011209291025807,0.0195079989819732,0.0314876305839996,4,ok
XE106,0.8920251308381921,0.953827587924934,0.059163635255519,2.218957493811014,4,ok
XE107,1.0546314868288391,0.9891780039579317,0.0252832165837915,2.456810458309636,4,ok
XE108,0.0060628285773418,0.0091573426516333,0.0127185730662203,0.0186605298113111,4,ok
XE109,0.8794493367186078,0.9501524222473564,0.0904059459630379,2.1998306598358,4,ok
XE110,1.06783334038073,0.8097171257190894,0.079766813704028,2.277015102708434,4,ok
XE111,1.159102200864254,1.0094682565297717,0.043256562254283,2.611641748603155,4,ok
XE112,1.040626733600675,0.8619230973481535,0.0767765350514081,2.2958952988899224,4,ok
XE113,0.8374422242159199,1.1609092423495897,0.0486267919630413,2.432185611776857,4,ok
XE114,1.122908010903302,0.9343896562763804,0.0738358290966923,2.4821127466529944,4,ok
XE115,0.9313900723873304,0.9552457919344306,0.0525401521269994,2.266895221481336,4,ok
XE116,1.076779564968092,0.7901086685865266,0.053175600410267,2.2692780218874904,4,ok
XE117,1.190807622727334,0.9233465955176144,0.0518039103420673,2.560313633403533,4,ok
XE118,0.975612070752959,0.7784248982970894,0.0480526203047138,2.120676907197449,4,ok
XE119,0.961073962201226,0.985613098777776,0.0328131363778563,2.339048836962125,4,ok
XE120,0.958781214279952,0.902061971367857,0.082202369482434,2.2367635120705875,4,ok
XE121,0.8115354623068924,1.092111663176638,0.1283692762325774,2.3118612876507,4,ok
XE122,0.851057825467251,0.9654144509217986,0.0287030586666887,2.1867359954506864,4,ok
XE123,0.676254701011203,1.1558203070180753,0.0726119764479738,2.2753225616143213,4,ok
XE124,0.6319271925012799,0.9122213577238654,0.0428868978917207,1.885546668918356,4,ok
XE125,0.734890823693604,1.0559690081431654,0.0274212210160178,2.185950701064562,4,ok
XE126,-0.013003084551201,-0.009704058378702,0.0201672955541633,0.0275681086943339,4,ok
XE127,0.9879133409194764,0.9021050060732704,0.0568607378350785,2.273117028317851,4,ok
XE128,0.8048243800176351,1.0336408071207188,0.0530179001602511,2.225881161864206,4,ok
XE129,0.8023214293625642,0.9102548318760456,0.111711009613328,2.0616710403904825,4,ok
XE130,0.8748047755971129,1.0072467807592602,0.0420919434201171,2.266798100301522,4,ok
XE131,0.8739652224357997,1.031438317795164,0.092710655290898,2.29706745124721,4,ok
XE132,0.903524234836368,1.0155630408498837,0.043726531530437,2.309629042784916,4,ok
XE133,0.6487712705575177,0.9171077418582172,0.0799489370110677,1.90876178958266,4,ok
XE134,0.7399834468087647,0.8682343992850292,0.0770957028227995,1.938340742107413,4,ok
XE135,0.7636069867312472,0.9990747319593538,0.0692993783836491,2.1366006494572782,4,ok
XE136,0.7499134792778932,0.8766158412690856,0.0369970726550339,1.9601269937747603,4,ok
XE137,0.618429211667717,0.923781360490466,0.07460929410755,1.8888715635392708,4,ok
XE138,0.7898454049491193,0.9352743862227726,0.0884945803869808,2.0800109878329613,4,ok
XE139,0.8492197844170732,1.0169854248861157,0.0692237719522153,2.2512091532928906,4,ok
XE140,0.9692531653327024,0.9340894235792804,0.0508600936046989,2.287176676490997,4,ok
XE141,0.95641261147739,0.9676436692925564,0.0407483638728305,2.311712467570206,4,ok
XE142,1.037142261651752,1.0156336536388153,0.0432801989924782,2.466459717051525,4,ok
XE143,1.0231145637631016,1.0318248108924308,0.0532376003343592,2.468945823221612,4,ok
XE144,0.9464365473377256,0.9191393881324076,0.1554987684582547,2.24165132449322,4,ok
XE145,0.8375676216764987,0.9044785741634768,0.0472815089238375,2.094538897440051,4,ok
XE146,1.1542343330247604,0.9848811367237432,0.0622723873016735,2.578099481107776,4,ok
XE147,1.0318691355168994,0.9008153640143064,0.0317701235510728,2.3273718756740323,4,ok
XE148,0.839241270868115,0.9624136049264962,0.0718125275574135,2.1696656591892425,4,ok
XE149,0.9358431094688058,0.8720100457039734,0.037394164239792,2.1734134355644543,4,ok
XE150,1.2358415805892946,0.9729702620884382,0.1844863112701922,2.6725223384433474,4,ok
XE151,1.0182158783936757,0.8712929681364585,0.0969611792472079,2.277018364241043,4,ok
XE152,1.164227063328326,0.9026617870817972,0.0514189820755423,2.503086278759961,4,ok
XE153,0.912611170080254,0.911293011584803,0.0710872148292023,2.191345102811774,4,ok
XE154,0.9891606731930552,0.9865928423132572,0.0202051605620353,2.3737871539659423,4,ok
XE155,1.0326195816960535,0.9017758747440894,0.0812233680415265,2.3294057670742028,4,ok
XE156,0.9891147846710736,1.0391066415672867,0.0676787344200302,2.4375632570300536,4,ok
XE157,1.1358807263341075,0.8814618737419551,0.0614666066891783,2.442951794438321,4,ok
XE158,1.0482274138503271,0.9637677308955972,0.1396506702873713,2.4194568700537373,4,ok
XE159,-0.0030102003684078,-0.0021586433572338,0.0114871726608735,0.0062938628551009,4,ok
XE160,0.713648438774726,1.0785060985717791,0.0998831302067545,2.1973677490342225,4,ok
XE161,0.8365012135736833,0.902101546904305,0.0422561063329284,2.0903448441069026,4,ok
XE162,0.7325892809562902,1.0032033606630648,0.0449963931438274,2.110674419634728,4,ok
XE163,0.8702562092803419,1.0190914801846702,0.0699455459610443,2.2770046097991843,4,ok
XE164,0.808872578005321,1.0585788707048778,0.0579248500856118,2.263633915128756,4,ok
XE165,0.7494699144472179,0.9830929204667882,0.0452022703972789,2.100440821686953,4,ok
XE166,0.6515046467329739,0.9990709288222206,0.0691631538237562,2.026586763068003,4,ok
XE167,0.8663028885312087,0.9636625168004684,0.0445226695094096,2.2017363085922,4,ok
XE168,0.8559553616078119,0.9470483030750074,0.0517965373950839,2.168996394330938,4,ok
XE169,0.6396725827526097,0.9900181329653606,0.0496883293544042,2.0027387685469726,4,ok
XE170,0.6151155697180002,0.9940904429417968,0.1129319432127014,1.9862853780930607,4,ok
XE171,0.8030882490875229,0.9337906177524928,0.0357640255176657,2.092687400042008,4,ok
XE172,0.7187840126989613,1.022026284230833,0.0385550743362465,2.123006239535496,4,ok
XE173,0.9217292708444802,0.912341382231716,0.0642510955128228,2.203587986984352,4,ok
XE174,0.7571307187736238,0.9079643504219348,0.0772053183485263,2.0087332341475976,4,ok
XE175,-1.6896467968763318e-05,0.0030326615251397,0.0188571609183284,0.0051529309740634,4,ok
XE176,0.9125350679496478,0.9387516661940936,0.0425238752845474,2.224466537090159,4,ok
XE177,0.897850350380395,0.8886068932984017,0.0310349774795833,2.1463823330470087,4,ok
XE178,0.9201611767566646,0.9416318115086142,0.0558640155794976,2.2370150839565874,4,ok
XE179,0.7531199619461404,0.8460243275594621,0.0455147333760763,1.924544571652582,4,ok
XE180,0.725866410785784,0.8776133396554542,0.0684903488104637,1.9351214777166328,4,ok
XE181,0.9679031072600992,0.9099129153360082,0.0476940024483495,2.2571929022597663,4,ok
XE182,0.978360841979338,0.9160172959786904,0.0394607116480945,2.2772482284657505,4,ok
XE183,0.8729155174805783,0.945209301585237,0.0511676877697553,2.1861270452010424,4,ok
XE184,0.9625306765146888,0.957464049806731,0.0876686642866559,2.30680132969086,4,ok
XE185,-5.994379625917645e-05,0.0029094001474732,0.0153128267409439,0.0049444644614803,4,ok
XE186,-0.0044239471740183,-0.0046827481960463,0.0169777364583285,0.0109457306587487,4,ok
XE187,0.9745154897818792,0.9146431029134874,0.0588241414002399,2.2708845790497105,4,ok
XE188,1.177563761101737,0.8623467486854679,0.0773426615094555,2.479955317676126,4,ok
XE189,1.1588229752378538,0.9274579097536844,0.0622209927064242,2.521945561967304,4,ok
XE190,1.0512826258081986,0.8925713797898425,0.0386880560313977,2.343230787082993,4,ok
XE191,1.1029995596309163,0.8642457636351537,0.0690012448533403,2.380906152582508,4,ok
XE192,1.057954087109465,0.9156103901741516,0.0613806063421819,2.377314535408669,4,ok
XE193,0.0083750265287108,-0.0029505003326448,0.0105690390410077,0.0150874176352137,4,ok
XE194,1.0754162932789768,1.041673011125113,0.0300631408648108,2.543917246046868,4,ok
XE195,1.1518292487508006,0.9078153056889278,0.052467298853511,2.491882839423543,4,ok
XE196,0.8340526864267304,0.9171127207787322,0.0450687944578584,2.1063172671057697,4,ok
XE197,0.9225299522495334,0.8752512342784939,0.1160067703769544,2.160705634684477,4,ok
XE198,1.0202393001245582,0.9611657415771332,0.0249713462261287,2.38163300087077,4,ok
XE199,0.9003760839909773,0.9378731598662852,0.0619714217297701,2.2090389571050357,4,ok
XE200,0.94711360416386,0.9068985471722044,0.0527139210144508,2.2280419489024,4,ok
XE201,1.0758214523639251,1.0387476185110245,0.0636972401873988,2.540956672143392,4,ok
XE202,0.8169570409691005,0.869432342271466,0.0531011478903272,2.0271069323004967,4,ok
XE204,0.9558739211424836,0.9546206758500376,0.0426390803159431,2.295379783961839,4,ok
XE205,0.9846657942712228,0.9454072106677812,0.0456260737755957,2.319381583054365,4,ok
XE206,-0.0098205289123143,0.0076268827183412,0.0037090183673562,0.0208859684744393,4,ok
XE207,0.9118341426392362,0.9909912859798168,0.0720447997949921,2.288142403456248,4,ok
XE208,0.9617291672693682,0.9589518819602744,0.0699031671792854,2.3076202985683483,4,ok
XE209,0.8307440394673904,1.0026805443608282,0.0485359642003817,2.212447855492233,4,ok
XE210,0.8503765560535612,1.047398023543792,0.0444639365400602,2.2923512222837146,4,ok
XE211,0.8421690579443748,0.9094501647205108,0.0383610877642387,2.1060490828313987,4,ok
XE212,0.8679532374080736,1.0208021349023966,0.0520703731233903,2.276679058333218,4,ok
XE213,0.8537556689075245,0.9933336219442026,0.0531533230672447,2.225527584008358,4,ok
XE214,0.779229389372631,0.9321050650419238,0.0431620348517622,2.064284316474432,4,ok
XE215,0.8832715779781211,1.0563141620623355,0.0531792799395438,2.339586882094012,4,ok
XE216,0.6239079238221166,0.956717815797674,0.0769019779719849,1.940695278608197,4,ok
XE217,0.8506261284619541,1.0039673420169493,0.0469150039216374,2.235819818265728,4,ok
XE218,0.7691299393727604,1.1000745117971746,0.0722447248751227,2.280698466771532,4,ok
XE219,0.9510642479708622,1.0265395447240735,0.0550367184531231,2.377737960090601,4,ok
XE220,0.937099587393277,1.052665675663775,0.0387470252992641,2.3946484414389944,4,ok
XE221,0.9653617801459404,0.9921546610939912,0.0711783673986803,2.352094356202349,4,ok
XE222,1.0859156566257298,1.092227784379702,0.031026559940823,2.616959161730028,4,ok
XE223,0.8623065573538042,0.9513820723636854,0.0670890546491242,2.1816974334297017,4,ok
XE224,0.920306325742331,0.9342990462787384,0.0593816679098532,2.2282941455302727,4,ok
XE225,0.7938035943343493,1.032550880519466,0.059633600795887,2.2129577051530456,4,ok
XE226,0.8905106260062894,0.8823719482584238,0.0737109297075575,2.130066649061987,4,ok
XE227,1.041458731984676,0.9555393474820448,0.0298703843530754,2.401529243152793,4,ok
XE228,-0.0085950518978279,-0.0082829755674538,0.018157380751854,0.0202817096338576,4,ok
XE229,0.9503879580825014,0.929068412138804,0.0668087117638371,2.2582334339586567,4,ok
XE230,0.822134906190513,0.9078192124711676,0.0768370487573752,2.081015351456329,4,ok
XE231,0.9375745097431718,0.8482507953558525,0.0743538923584483,2.148276620236863,4,ok
XE232,0.9120736837080584,1.0896079853564515,0.0546732610882737,2.4143772755859825,4,ok
XE233,-0.0028930848384334,0.0044118638365944,0.0185193058982573,0.0089642759643031,4,ok
XE234,0.9079983608862676,0.9969164989352066,0.0704795326693087,2.291167465930504,4,ok
XE235,1.021468905151778,0.8395484476372985,0.0710214071275051,2.24659200533892,4,ok
XE236,1.0358595692305244,0.970548960164706,0.0764930444481976,2.411892632497479,4,ok
XE237,0.9461860601404624,1.027506857177741,0.0400241068565549,2.3733213809923184,4,ok
XE238,1.0653616743411476,0.9395473559434322,0.0416905722602713,2.413552521217147,4,ok
XE239,1.086334473388888,0.957642149865478,0.0425380180788415,2.460615066020866,4,ok
XE240,0.9834282089923364,0.9036017725761668,0.0721473441237841,2.2692152156747856,4,ok
XE241,1.2012767250066645,0.9645075452440324,0.0363788109068026,2.617602368584945,4,ok
XE242,1.0286918009851431,0.9971611490395844,0.1311684080741373,2.434272311038966,4,ok
XE243,1.084611310564469,0.9954846718774206,0.0557201083226818,2.501441293052652,4,ok
XE244,1.037733046267931,0.9513365884909036,0.0414773158471289,2.392037192553844,4,ok
XE245,1.0449663816179964,0.9927376724444912,0.0370296861767424,2.4490201813778345,4,ok
XE246,0.9922584966843716,0.9495580470534152,0.0583275639201304,2.3335753029358157,4,ok
XE247,0.97057955679702,0.9853257294962532,0.0663908853077526,2.350005118195956,4,ok
XE248,0.9974786308566764,1.058470421574384,0.0579277276018296,2.471223439689262,4,ok
XE249,1.1571405241193131,0.9913925729397306,0.0522691257415189,2.5890424581335303,4,ok
XE250,1.0308227068471751,0.9947854379338424,0.0588980037664441,2.4340685163395257,4,ok
XE251,0.9300107328699596,0.9952128904596976,0.0750884865582374,2.314401761772446,4,ok
XE252,0.949801696351642,1.038420179026616,0.0940458530420464,2.391136991351304,4,ok
XE253,0.976894288771291,1.0844895197965343,0.0813664911053231,2.480037762430896,4,ok
XE254,0.9724398373878104,0.9767897242713844,0.1072774750612701,2.341923560181759,4,ok
XE255,0.8898951584878887,0.986355428013212,0.0899865595545216,2.2572136766641693,4,ok
XE256,0.913564526690152,1.032756701348262,0.0853679449628283,2.342804283439305,4,ok
XE257,1.0115106862740504,1.06090801692244,0.0763327749234452,2.4906315328101303,4,ok
XE258,0.7744296210776156,0.9885752201666946,0.023264632437148,2.1337451501090325,4,ok
XE259,0.8411445530628043,1.0054472720653391,0.0561683395313194,2.227367548586592,4,ok
XE260,0.9271189684368436,1.0684332787627682,0.0684884963743634,2.403576547761331,4,ok
XE261,0.795256168292326,1.0521861104007255,0.066335377269413,2.2409870805875483,4,ok
XE262,0.8795618847975675,1.0350419664250694,0.0341072544514443,2.30788881240337,4,ok
XE263,0.6905702615658811,1.112482786477358,0.0481850065322962,2.2248106299350394,4,ok
XE264,0.830903741977636,1.0400512413543763,0.0595361382753873,2.2618754591839423,4,ok
XE265,0.8993656503098464,1.028058331803095,0.0666899668575469,2.3208753914974625,4,ok
XE266,0.8369972202626741,1.0015892403066573,0.0278817672599989,2.217818414558609,4,ok
XE267,0.8500098030190202,0.9389146978264762,0.0513317005695694,2.1519704978341525,4,ok
XE268,-0.2442066530711599,0.1276187691610175,0.0798381494113477,0.4681786236387162,4,ok
XE269,0.8583273824497155,0.9693375497090528,0.0824556160355984,2.199909676125408,4,ok
XE270,0.8337250788918027,1.0593333155215987,0.0377048095541054,2.290525408877925,4,ok
XE271,0.8030642452495158,0.9061256039462932,0.0989204544734559,2.0572498642962898,4,ok
XE272,0.8448044001743256,1.0771208283906617,0.042821979827665,2.3259210326092385,4,ok
XE273,1.0007375285777016,1.0814574987275591,0.0526081205751441,2.5035492972780244,4,ok
XE274,0.9744210503540672,0.9813456051779212,0.0860250915059951,2.349786501475161,4,ok
XE275,0.8672844519596765,0.9596434839545508,0.070589858236842,2.197780545765483,4,ok
XE276,0.8418871783369468,1.0205674511703364,0.0245500268280471,2.24793553331525,4,ok
XE277,1.0135475729584869,1.053616839726601,0.0713797931849442,2.484078052381829,4,ok
XE278,0.9071343133578011,0.9916210748756384,0.0863084072007573,2.2835323331242923,4,ok
XE279,0.878669905058814,1.085956238152903,0.0478778840169095,2.373518041583513,4,ok
XE280,1.0060772026208724,0.9192098873495524,0.0302079351468033,2.315505139295972,4,ok
XE281,0.994486824132764,0.9431427403965243,0.0795575286037075,2.3287979879536564,4,ok
XE282,1.0991710003781918,0.7996519844073191,0.0182311418523679,2.3095639497122056,4,ok
XE283,0.956891517060285,1.0327086137585866,0.0893745105266963,2.392156238268587,4,ok
XE284,0.0140880968851888,-0.0121364012441063,0.0,0.0312337713981764,1,ok
XE285,1.368331267855865,0.6962844218332975,0.2390564682745664,2.608654467912537,4,ok
XE286,0.9978923256003328,0.9093158590644634,0.0990423520801365,2.2939007253253223,4,ok
XE287,1.034500565435792,1.0008413483888037,0.0183105308014562,2.445712479569525,4,ok
XE288,1.244331095360394,1.0098681960289468,0.0692986965252262,2.722936582637946,4,ok
XE289,1.1277453782249722,0.913501711547724,0.0623664407125114,2.4659441878892534,4,ok
XE290,1.005223825534813,1.04108617372367,0.0452035013704496,2.4589333409301606,4,ok
XE291,1.1262074726350877,0.946358033800152,0.1157715966637916,2.499458493724529,4,ok
XE292,1.2341422803710884,0.8849918135119879,0.124916851013026,2.580377265750082,4,ok
XE293,1.121946840128885,0.9786167601932902,0.0664255212371848,2.529607549461899,4,ok
XE294,0.9454653246202724,1.001494737757639,0.0626737976788525,2.340159440669665,4,ok
XE295,0.0015814383887118,-0.0033901888787113,0.0152318277734405,0.0063562309326218,4,ok
XE296,1.3842278565739434,-0.2864882770832082,0.1195300591445739,2.401812066917948,4,ok
XE297,-0.0123287286478444,0.0078884805020607,0.0161715130287134,0.024869061859811,4,ok
XE298,0.0091496968216233,-0.0014011080261298,0.006642908913745,0.0157276383011748,4,ok
XE299,0.0149155300459824,0.0042455970115042,0.0144759606659524,0.0263499317922129,4,ok
XE300,-0.0087880708542797,-0.00484858126174,0.0168425945424235,0.0170538449013293,4,ok
XE301,0.9948150390691808,0.9216142049317568,0.0479944403175619,2.3041885544991105,4,ok
XE302,1.030659186738376,0.935773541297749,0.0376577791275542,2.365335443966343,4,ok
XE303,0.9630731122460928,0.9836437348135404,0.0598744297740289,2.3390293819618995,4,ok
XE304,0.998762447597528,1.0320316962147444,0.1488904633831489,2.440241553343208,4,ok
XE305,0.8766974716709228,1.0348602866497458,0.0923228086976842,2.304504626944066,4,ok
XE306,0.9971413361399756,1.0805170559160615,0.0646786692461108,2.498228727098865,4,ok
XE307,1.0073855308273778,1.035941009324688,0.0376458858453828,2.4552110266631773,4,ok
XE308,0.9831060152455392,1.077714149700114,0.0419515348238508,2.4785969232634595,4,ok
XE309,0.975271750342472,1.0025456968851358,0.0433628552703518,2.3764908035140198,4,ok
XE310,0.9857051820645212,1.0427699616516293,0.0423369942957481,2.4380921613676017,4,ok
XE311,0.8355935797544589,0.9980544165036918,0.2376100715602432,2.2116813051878617,4,ok
XE312,0.947030496176012,1.067308237267298,0.0502695112236173,2.4244541975577887,4,ok
XE313,0.9983342004397856,1.126223991225288,0.0355340176673704,2.5571882380043256,4,ok
XE314,0.9460190837889968,1.0343614123680709,0.0446159572110383,2.381710474615496,4,ok
XE315,0.953539155612816,0.94128547870514,0.0493414700540609,2.27660008924583,4,ok
XE316,0.8430412754514691,1.0435573928884878,0.0657891127551709,2.279435965023396,4,ok
XE317,0.9825062845575304,1.009168460851015,0.0398706142422265,2.393128243987213,4,ok
XE318,0.932129107943183,1.0606957123995926,0.1283655237688934,2.3992731464014696,4,ok
XE319,0.9519470652157906,0.9735415878540152,0.0460754623418537,2.313539503530908,4,ok
XE320,0.9524139201957952,1.01970836968394,0.0584883864695455,2.3708014237537096,4,ok
XE321,0.52783043772979,0.9102036903900624,0.0651963429338377,1.7877727272107362,4,ok
XE322,-0.067901802115557,0.0609638103560428,0.1065520528835242,0.1550508699708321,4,ok
XE323,0.9303981375715012,1.0429348679663235,0.029432176150328,2.37472925514985,4,ok
XE324,0.8531748505056385,1.0254851608247009,0.0317399328019834,2.266605566392917,4,ok
XE325,-0.0018657223463378,-0.0071388501241926,0.0222923965508007,0.0125371568224324,4,ok
XE326,-0.0003719863780133,-0.018382532734904,0.0074553238057419,0.031240493980787,4,ok
XE327,-0.0021403311188805,-0.0007666601013625,0.0117127850932404,0.0038629392399705,4,ok
XE328,-0.0276769793626954,-0.0051855802803402,0.0282728288750979,0.0478447554182008,4,ok
XE329,-0.0307189736713553,-0.0079816930774541,0.0196362922776224,0.053928282676534,4,ok
XE330,-0.025171417659294,-0.0062666916151101,0.0112637545026262,0.0440747412561274,4,ok
XE331,-0.0204018928980076,-0.007365267465957,0.026764594171099,0.0368549864884046,4,ok
XE332,0.0042716742555057,0.0071406850379389,0.0154399341218383,0.0141381133239817,4,ok
XE333,-0.008706611443813,0.0049108609891845,0.0132224789967283,0.0169845254210126,4,ok
XE334,-0.0053969022046658,0.0010553512347541,0.0166875539413522,0.0093436557998475,4,ok
XE335,-0.006347878233555,-0.0038649493762932,0.0151977091585182,0.0126277070882357,4,ok
XE336,-0.0118075339851202,0.0058984930506085,0.0168221190003836,0.0224264370704499,4,ok
XE337,0.0081093635935758,0.003453641831129,0.0156530748928253,0.014976301753165,4,ok
XE338,-0.0060051270429539,0.0037534309440161,0.0101675561001872,0.0120325651681394,4,ok
XE339,0.006850278247839,0.0018158748980567,0.0145656631678387,0.0120414296955128,4,ok
XE340,9.14659849513555e-05,0.0231573131477489,0.0199712781041171,0.0393473237823659,4,ok
XE341,0.0068145418445055,-0.0150180599357554,0.0222387427018786,0.0280215536715898,4,ok
XE342,-0.0153031594027197,0.001521364412838,0.0118514366619127,0.0261300566699976,4,ok
XE343,-0.0037566461360256,-0.01488256337052,0.0166617187448788,0.0260803927486528,4,ok
XE344,-0.0150893262602949,-0.0050711385761132,0.0095198009620448,0.0270477135796901,4,ok
XE345,-0.0150176149281833,-0.0053919495617265,0.0129187870882541,0.0271115560609653,4,ok
XE346,0.00056356514051,-0.0146138978038834,0.0210130379241804,0.0248491993711316,4,ok
XE347,-0.0116618462070618,0.0089963056443593,0.0085870857102773,0.0250256649282835,4,ok
XE348,-0.0017098935004469,0.0081729476382861,0.0167529255204094,0.014187466578397,4,ok
XE349,-0.010286578020441,0.0165801730722705,0.0197034822887353,0.0331530973148997,4,ok
XE350,0.0122077269834335,-0.0105013400570896,0.0163103062494207,0.0273609105643325,4,ok
XE351,-0.0142930957645148,0.000439437696059,0.0116073693431756,0.0242971371828422,4,ok
XE352,-0.0065075933907792,-0.0136456017316959,0.0191293177968177,0.0256871199267267,4,ok
XE353,0.0059690337284337,0.0013645814065057,0.0148661379019765,0.0104037459556716,4,ok
XE354,-0.0028650905032918,-0.004314650591823,0.0102631152528448,0.0088002119156364,4,ok
XE355,-0.0054824144235681,0.0037244562813611,0.010857049044622,0.0112615078966571,4,ok
XE356,0.0105484194018572,0.0081576516986388,0.0114283373575638,0.0226573748658531,4,ok
XE358,0.0034589779097586,0.0174984372911239,0.0096713903747912,0.0303072352377611,4,ok
XE359,-0.0014759145615244,-0.0085935529323251,0.0282830090079675,0.0148152481024249,4,ok
XE360,0.0095793734644757,0.0038681786959386,0.0205093172207414,0.0175533982319135,4,ok
XE361,-0.0066180334642922,-0.0083370100019237,0.0171915126367847,0.0180861638451803,4,ok
XE362,-0.0095571325432501,0.0034509253700889,0.0167595712267543,0.0172648881581368,4,ok
XE363,0.011325531781722,0.0004849087608818,0.0148165792652457,0.0192610495982584,4,ok
XE364,-0.006454813322307,0.0021452083419717,0.0116025633237339,0.0115573196565927,4,ok
XE365,-0.0198148209392456,0.0029843009401702,0.0168799465124187,0.0340474321120342,4,ok
XE366,0.0084749489988098,-0.0194959950122211,0.014421701666702,0.0361204990902185,4,ok
XE367,-0.0089921389917435,-0.0005675122897628,0.0137978362781807,0.0153091071206172,4,ok
XE368,-0.0094868812102504,-7.582840089526144e-05,0.0117944934681654,0.0161198493278727,4,ok
XE369,0.008636153761472,0.0024003898124647,0.0181952380804187,0.0152301132515716,4,ok
XE371,-0.0213644069908696,-0.0097070458496091,0.017754252060426,0.0398719276011912,4,ok
XE372,0.0116962536812934,-0.0005316950787346,0.0150904158454954,0.0198938431770561,4,ok
XE373,-0.0048469180082975,-0.006380700016507,0.0141820456162902,0.0136148001421722,4,ok
XE374,-0.001451781943615,-0.0010174076141993,0.0115664597572228,0.0030121823516372,4,ok
XE375,-0.0026107685489478,-0.0069075849087312,0.0256208809539986,0.0125471399901797,4,ok
XE376,-0.0117810182891844,-0.003237033312871,0.020592508189953,0.0207592203656532,4,ok
XE377,-0.0062619007012472,0.005249216554148,0.0165463577128599,0.013883541552152,4,ok
XE378,0.0167778059476404,-0.0048533902063354,0.0085033287748239,0.0296762675494572,4,ok
XE379,-0.0083620999248523,0.0041406419284157,0.0144767560848032,0.0158546622321423,4,ok
XE380,-0.0122677833342095,0.0046104731472951,0.0152273210484646,0.0222678506650234,4,ok
XE381,-0.0226782617864955,-0.0070538405989282,0.0263611043243564,0.0403539806157921,4,ok
XE382,-0.00638410056672,0.0023398205230478,0.0192844273542967,0.0115529431379448,4,ok
XE383,-0.0050610399621291,-0.000404657879244,0.0159237790636637,0.0086267494929253,4,ok
XE384,-0.0174656531262371,-0.0039148210253188,0.0193211432060206,0.0304125516526488,4,ok
XE385,-0.0009659411134634,-0.0062262495243885,0.0151989497115597,0.0107056898956368,4,ok
XE386,-0.012468197468479,0.0008720084933884,0.0075930352726641,0.0212366926545094,4,ok
XE387,-0.0054616030929537,-0.0011863531954077,0.0117427412470209,0.0094963151651919,4,ok
XE388,0.013232185169727,0.0016978362357349,0.0124020456273965,0.0226673712551725,4,ok
XE389,-0.0034600226190377,0.0016759369123064,0.0186818885230315,0.0065323360003215,4,ok
XE390,-0.0047760924735484,-0.0025817068094511,0.0218989702643926,0.0092248624937161,4,ok
XE391,0.0035968939073427,0.0019085383146375,0.0161553431381919,0.0069185973726939,4,ok
XE392,0.0084510313208738,0.0058509967952886,0.0124873314050836,0.0174649283318432,4,ok
XE393,0.0031725888939035,0.0113017226453848,0.0149838761633964,0.0199452368789761,4,ok
XE394,0.0053426423992277,-0.0009858642897597,0.0101974192950635,0.0092310393055735,4,ok
XE395,0.0046274109718069,-0.0006847707354609,0.005246410091292,0.0079481415766392,4,ok
XE396,-0.0112217478754246,0.008785415620423,0.0107387398940593,0.0242153376302388,4,ok
XE397,-0.0047721314404043,0.0074225416569788,0.018692999886579,0.0149934431412035,4,ok
XE398,0.0089922980960182,0.0053991173926988,0.0168626545875114,0.0178214675083916,4,ok
XE399,4.690634614235023e-05,0.0113928684590973,0.0185249629386663,0.0193579964948945,4,ok
XE400,0.011523823394782,0.0119635849910082,0.0200228796215805,0.0282240838958912,4,ok
XE401,-0.0143192164750871,-0.0054843513853484,0.0238913233699236,0.0260535343936321,4,ok
XE402,0.006676977058305,-0.0043726422582039,0.0080498943946448,0.0135612666392084,4,ok
XE403,0.0067366040902925,0.0015188473362286,0.0194886978250081,0.0117336067832253,4,ok
XE404,-6.895405203977134e-05,-0.001155128827122,0.020257597257661,0.0019661944316551,4,ok
XE405,-0.0016053886661211,-0.0111808470551295,0.0221691826100458,0.0191924139536524,4,ok
XE406,-0.0105876528541557,-0.0065369391932108,0.0181172186238987,0.0211422475475223,4,ok
XE407,-0.0238664744579182,-0.0048434846771669,0.0141348430915069,0.0413786072966028,4,ok
XE408,-0.0001811091715353,-0.0008867108604135,0.0154432279801898,0.0015377318928458,4,ok
XE409,0.002217490196017,0.0149017180056034,0.0119153951926749,0.0255985854707261,4,ok
XE410,-0.004011295568489,0.0065965121812041,0.0256961742137964,0.0131178614736208,4,ok
XE411,0.003931027514227,0.0058901617280753,0.0180111509150869,0.0120322277999697,4,ok
XE412,0.0439220050448057,-0.1065958840313214,0.0921787930507993,0.1958916618675685,4,ok
XE413,0.0045324321827138,0.0126633532104278,0.0227764783875514,0.0228532028663957,4,ok
XE414,0.0040924862523752,0.0104815663235058,0.0069679585861741,0.0191187952566703,4,ok
XE415,-0.0075638028474713,0.012875824600087,0.0190791602812336,0.0253731332559986,4,ok
XE416,-0.0119796846620374,-0.0056051445035336,0.0140593785860035,0.0224727592206429,4,ok
XE417,-0.0054507769564224,-0.0082064111998079,0.0099753467175805,0.0167392186525829,4,ok
XE418,0.0034266604766344,0.0076392403088902,0.021269217102948,0.0142259944508513,4,ok
XE419,-0.0138734990268858,-0.0025577482092558,0.015707455836758,0.0239699813064771,4,ok
XE420,-0.0011431919438109,0.0082005221306644,0.0178364321569063,0.0140683977739187,4,ok
XE421,-0.0024490590440109,-0.0006520966403513,0.020961440679818,0.0043062245108285,4,ok
XE422,-0.0156953699788573,0.0017498407100902,0.0154671460832788,0.0268335169608999,4,ok
XE423,-0.0097216982012469,-0.001889316402412,0.0130911634935489,0.0168273580550158,4,ok
XE424,0.0024739677837715,-0.0037786359821438,0.0114476551165242,0.007674037072126,4,ok
XE425,-0.0118408905436808,-0.005885277669904,0.0164594516558224,0.0224671504705946,4,ok
XE426,-0.0081335555169061,0.0118751237382639,0.0165147982455424,0.0244562870678708,4,ok
XE427,0.0021052788360975,0.0047222253351719,0.0201917969112792,0.0087848876166518,4,ok
XE428,-0.0138506203929864,0.0043098697301502,0.0137419956362165,0.0246468625272528,4,ok
XE429,-0.0228341299734893,-0.0011603656771512,0.0128554595410111,0.0388479536105374,4,ok
XE430,0.0160388641879762,0.0206285844651574,0.0135085788170639,0.04439818362592,4,ok
XE431,-0.0259457234651563,-0.0031712636182419,0.0197419149377441,0.0444129359779163,4,ok
XE432,-0.0003830024952549,0.0068441771236393,0.0193428896610212,0.0116472616111244,4,ok
XE433,-0.0144823335467663,-0.0040521280493521,0.0122549675414047,0.025552262359455,4,ok
XE434,0.0022905347068444,0.0033805128537096,0.0194023674156022,0.0069382343420597,4,ok
XE435,-0.0065771580875662,0.0038927868349674,0.0189587319770822,0.0129860672388938,4,ok
XE436,-0.005818615129101,0.0090166665904689,0.0237356004754218,0.0182334135167694,4,ok
XE437,0.0193350547497175,-0.0135334346236959,0.0117997715026891,0.0401005691663796,4,ok
XE438,-0.0072675515903029,-0.0071674394844194,0.0223704517270313,0.0173434546565326,4,ok
XE439,-0.0121960381393364,0.0042497062700022,0.0081007733635305,0.0219445170185634,4,ok
XE440,-0.0064784335745571,-0.0033632228746682,0.0167700774338456,0.0124025599007275,4,ok
XE441,0.0053633987390639,0.0117535117014995,0.0220753605813199,0.0219516025532188,4,ok
XE442,-0.0212759423875468,0.0009116214637288,0.0214671485659621,0.0361835143677135,4,ok
XE443,-0.0124121068602107,0.0007235782672978,0.0222645491082276,0.0211254447244171,4,ok
XE444,-0.005491226011145,-0.0059029649328294,0.0143549014842538,0.0136985785452268,4,ok
XE445,0.0088312992738792,0.0022813407676949,0.0134821441595779,0.0154980055608555,4,ok
XE446,-0.0144242115156885,0.0049133755755974,0.0242713211971942,0.0258913051923246,4,ok
XE447,-0.0077438947473638,0.0033557474289409,0.0160749951714453,0.0143400908898334,4,ok
XE448,-0.0204966913624957,-0.0034593314744597,0.0175844674722853,0.0353188369672458,4,ok
XE449,-0.0147626753378062,-0.001408881318639,0.0203444950723113,0.0251975036495407,4,ok
XE450,-0.0047285900900533,0.001824426751682,0.0095617221249717,0.0086117142531466,4,ok
XE451,-0.0114664351490318,-0.0037233641578495,0.0168426650546788,0.0204842500723107,4,ok
XE452,0.0026777656521517,-0.0049002556113464,0.0146008388528461,0.0094881628549302,4,ok
XE453,-0.0203016535433562,0.0040118418810379,0.0219652951655574,0.0351619821319515,4,ok
XE454,0.0032098084348035,-0.0028656788558691,0.0028090164545545,0.0073111438849996,4,ok
XE455,0.0014744141726623,0.0110054149304232,0.0153767825757351,0.018866569934073,4,ok
XE456,-0.0054636295444652,0.0085909732815707,0.0160014414312359,0.0172990005264933,4,ok
XE457,-0.0102744513505967,-0.0024258011728761,0.0092780032331753,0.0179374813224823,4,ok
XE458,-0.0078126550588422,0.0053644714976144,0.0139233773802389,0.0161026889120047,4,ok
XE459,-0.0186081219871994,0.010627919315084,0.0167686712970096,0.0364109169129628,4,ok
XE460,-0.0103661747898513,-0.011764601377763,0.0120951798231494,0.0266422320665802,4,ok
XE461,0.0032638649763612,0.0101275033985075,0.0115943280602717,0.0180793814624926,4,ok
XE462,-0.0278778164047253,-0.0109248336430027,0.0215796680857845,0.0508750392699194,4,ok
XE463,-0.0123185786487738,-0.0015323331822401,0.0185227210825934,0.0210920365531125,4,ok
XE464,0.0019575537626224,-0.0082347018460495,0.0186451697856841,0.0143816427899648,4,ok
XE465,-0.0101547862195729,-0.008730138239116,0.0139808502033469,0.0227539169013854,4,ok
XE466,-0.0117507465520247,0.0131599433034352,0.0097841030027304,0.0299770019579606,4,ok
XE467,-0.0032106208354889,-0.0101904608732183,0.0129151323289507,0.0181538360521079,4,ok
XE468,-0.0127990128385135,0.0030245124607972,0.0179341553091265,0.0223459849014572,4,ok
XE469,0.0002425695984129,0.0039948303046912,0.0151658146084758,0.0068001913529989,4,ok
XE470,-0.0177961734843847,9.878230002868804e-05,0.0201583020552203,0.0302382716409949,4,ok
XE471,0.0138663721745615,-0.0056047299794954,0.0188109737531137,0.0254124316950648,4,ok
XE472,-0.0230332402161366,0.0093495903820439,0.0145404244744456,0.0422375338207915,4,ok
XE473,0.0091130425680603,0.0190796649399089,0.0148980030484087,0.0359266586009949,4,ok
XE474,0.0040327591214008,0.0114218963003622,0.0098048196692225,0.0205812873749424,4,ok
XE475,0.0090072084713028,0.0117885312306498,0.0154084014987433,0.0252076840612638,4,ok
XE476,-0.010977655156239,-0.0054100923130135,0.0152765234344515,0.0207944612632558,4,ok
XE477,-0.0021493833664862,0.0023517106806139,0.0168813134416642,0.0054133368197903,4,ok
XE478,-0.0074762639137588,-0.0009033654082486,0.0171101344492201,0.0127954548946304,4,ok
XE479,0.0003769780305447,0.009063034949122,0.0118007548363583,0.0154124851524931,4,ok
XE480,-0.0025428800554436,-0.0018030360643024,0.0222562179406671,0.0052965578811247,4,ok
XE481,-0.0010989066040565,0.0033183694599756,0.015120934925759,0.0059394266709474,4,ok
XE482,-0.0013996015895827,-0.0020908613469146,0.0147092620334425,0.0042750932478697,4,ok
XE483,-0.0177447855339778,-0.0028632018093048,0.0129861384651335,0.0305404580793094,4,ok
XE484,-0.0060269092896305,0.005155575000117,0.0216406976728571,0.0134760109768776,4,ok
XE485,-0.0121879851603807,0.004441634878276,0.0102184304122268,0.0220411157375206,4,ok
XE486,-0.0111412284677498,0.0125695547694704,0.0164226243430034,0.0285391545320745,4,ok
XE487,-0.0038472973647003,-0.0016727318384255,0.015892148623937,0.0071281467314516,4,ok
XE488,-0.007469570160083,0.000747972562749,0.019118311427308,0.0127551564744655,4,ok
XE489,-0.0066946612046194,-0.0059091706102663,0.0172012067226995,0.0151723553585069,4,ok
XE490,-0.0073296330328957,0.001896938376376,0.0119679829062004,0.0128642335136949,4,ok
XE491,-0.01535008438168,-0.0087109371929727,0.0150424093203863,0.0299886223094762,4,ok
XE492,0.0007211263650788,0.0061741666913803,0.0130354955133081,0.0105619525301098,4,ok
XE493,-0.008182855398445,0.0044097657864767,0.011272415849591,0.0157940487503665,4,ok
XE494,-0.0197042967106426,0.0047956194371181,0.0168938128999765,0.0344572361683356,4,ok
XE495,-0.0062454409808196,0.0055842922461124,0.010010605307121,0.0142351094011222,4,ok
XE496,-0.0054350048349078,0.0068830311224701,0.010496735532349,0.0149015100582086,4,ok
XE497,-0.0128267844320362,0.0054317963372341,0.014339506034445,0.023667859998381,4,ok
XE498,-0.016477934622344,-0.0043268123058624,0.0172459662889139,0.0289470955432992,4,ok
XE499,-0.0100168158141968,-0.001002996644047,0.0100293629394159,0.0171048656300888,4,ok
XE500,-0.0027976766332358,0.0019857738111568,0.0148840845426483,0.0058293115188804,4,ok
XE501,-0.0043927377637373,-0.0076949518829678,0.0095263387883177,0.0150550356388814,4,ok
XE502,-0.011207950575681,0.0121612769630701,0.0114959242284131,0.0281005014064476,4,ok
XE503,-0.0218506754363261,0.0062413763603217,0.0150180495773501,0.0386117617198538,4,ok
XE504,-0.0121315804690311,0.0278292089333263,0.0275315763350067,0.0515827305051446,4,ok
XE505,-0.0148676027993133,-0.0176628390522637,0.0221670723220247,0.0392279854041826,4,ok
XE506,-0.011442949040429,0.0083610947804118,0.0183059951189343,0.0240801100612943,4,ok
XE507,-0.0191310158652413,-0.0035016502893086,0.0210573842759213,0.0330458795193421,4,ok
XE508,-0.0006280000652623,0.0054207553916967,0.0193156523028998,0.0092721084287522,4,ok
XE509,0.001798709484774,0.0054286633312585,0.0053860568823941,0.0097170769522094,4,ok
XE510,0.0193199358272977,0.0373786636173463,0.0151676154010431,0.0714928051768755,4,ok
XE511,0.0085421698349819,0.0089166021275559,0.0116167072492511,0.0209808072282041,4,ok
XE512,-0.0076131624191475,0.0095619168855591,0.0109780233993866,0.0207675434772375,4,ok
XE513,0.0026272658928974,0.0063916423305272,0.0177575331682254,0.0117418323878733,4,ok
XE514,-0.012286012576169,0.0046467761821986,0.0146162089536996,0.02231859341211,4,ok
XE515,0.0141508284868905,0.0074752669079316,0.0076072407304847,0.0271925606158717,4,ok
XE516,-0.0091463704820853,-0.0056907048306129,0.0188001666289021,0.0183032370473425,4,ok
XE517,-0.014103209508903,0.009694727606984,0.0127511690369949,0.0290786758522933,4,ok
XE518,0.0029531219943237,-0.0056753417948129,0.0080525737839173,0.010870432353664,4,ok
XE519,-0.0045468297266779,0.012211887340527,0.007265081580459,0.0221410092414298,4,ok
XE520,-0.0063052178502402,-0.011451390057573,0.0163923712193326,0.0222117155448338,4,ok
XE521,-0.0014878950496495,-0.0003946287536109,0.0133394678824003,0.0026155186530563,4,ok
XE522,0.0002279978052683,-0.0025124301164396,0.0110199434802014,0.0042864578561489,4,ok
XE523,-0.0115734376158798,-5.658244208461838e-05,0.0098724099322827,0.0196648758174832,4,ok
XE524,-0.0094289514881893,0.0057202239459002,0.0222748561235176,0.018524487798055,4,ok
XE525,0.0010866515904126,-0.010981959716446,0.0229338045029176,0.0187507743506119,4,ok
XE526,-0.0224434362139618,-0.0055700411735415,0.0233325366009188,0.0392909213126827,4,ok
XE527,-0.0031998414933696,0.0021511065742743,0.0042356747326827,0.0065512517237535,4,ok
XE529,-0.0173718811129219,0.0062869342973499,0.0176565047862005,0.0313903925879133,4,ok
XE530,-0.0135792194250825,-0.0031229196729327,0.020073417826194,0.0236749957939403,4,ok
XE531,-0.0059501569912754,-0.0004375458543108,0.0133643428699694,0.0101373189516791,4,ok
XE532,-0.0114342743017914,-0.008342915366029,0.0155250217361034,0.024049991052534,4,ok
XE533,0.0018703117239056,-0.0105127896645171,0.0217967701541887,0.0181429578105177,4,ok
XE534,-0.0164393546833707,0.0005233650895206,0.0246997612226607,0.027946561719045,4,ok
XE535,3.651974839158356e-05,0.0052444763805397,0.0185020080656473,0.0089112023603378,4,ok
XE536,0.0198470861068926,0.0032563877366555,0.0096954861572674,0.0341734441294974,4,ok
XE537,-0.0086664876398572,0.0013758259960923,0.0190074141084481,0.0149097910861654,4,ok
XE538,-0.0111961953425634,-0.0015190288468147,0.0209752856601631,0.0191979506565889,4,ok
XE539,0.0022943166768527,-0.0040568491344856,0.0155641600755095,0.0079190427426246,4,ok
XE540,0.0035701332071766,-0.0009204285597661,0.0176365679265757,0.0062644354423748,4,ok
XE541,-0.0224180948707726,-0.0108011683455515,0.0,0.0417985304326734,1,ok
XE542,0.0031917933747536,0.0060098985754848,0.0132114590368548,0.0115623010650798,4,ok
XE543,0.0083164886027589,0.0042314638767493,0.0,0.015854629317883,1,ok
XE545,-0.0104972354438359,-0.0004909734259399,0.009094532553812,0.0178555442193139,4,ok
XE546,-0.0179630588945656,0.0041093154827649,0.0073897113209696,0.0313098220949659,4,ok
XE548,-0.0063782746028664,0.006191314692387,0.0132349009078885,0.0151035058475473,4,ok
XE549,-0.0045524728193413,0.0109843083314444,0.0089634180139849,0.0202030849714206,4,ok
XE550,-0.0182427609970545,0.0061384303180602,0.0186445560886962,0.0327043286888047,4,ok
XE551,0.0249113789504917,-0.0112270523923143,0.0125518322560258,0.0464274116799593,4,ok
XE552,-0.0106422821263549,0.0080323784291067,0.0092655620426022,0.0226548797788007,4,ok
XE553,-0.0067758892819256,0.0121066121082549,0.0150393871056195,0.0235732537106982,4,ok
XE554,-0.0007264091732395,0.0150248365798688,0.0164826734852211,0.0255587952823887,4,ok
XE555,0.0011902651986019,-0.0012912425545437,0.0064653272261283,0.0029838950494005,4,ok
XE556,-0.0207774785494621,0.0002304349582118,0.0171122012634839,0.0353055672307541,4,ok
XE557,-0.0133748214648221,0.0037478475742318,0.0198146565278634,0.0236007613440648,4,ok
XE558,-0.0051928155644418,0.0063758500712083,0.0162424940658171,0.0139717543770222,4,ok
XE559,-0.0047210124403136,0.0051397222487139,0.0157106294291406,0.0118579357747008,4,ok
XE560,-0.0056664052808628,0.003770552912556,0.0129022186058056,0.0115646469541966,4,ok
XE561,-0.0160395702969253,0.0010815439363796,0.0078050800930412,0.0273150155923111,4,ok
XE562,-0.01341530067657,-0.0051787099769171,0.0134980786605031,0.024433613807567,4,ok
XE563,-0.0102409127675855,0.0036866350496893,0.0139953317418884,0.0184936820722818,4,ok
XE564,-0.0029090858561175,-0.0043267847190691,0.0101899088886045,0.0088588856879174,4,ok
XE565,-0.0256148347871203,-0.005260594277388,0.016365392589534,0.0444310076819279,4,ok
XE566,0.003581643905818,0.0059573850571723,0.0039525972329765,0.0118108419558592,4,ok
XE567,-0.0130701612242773,0.0170770109480145,0.0105657339893937,0.0365390826265456,4,ok
XE568,0.0020588623146977,0.0095386981079172,0.0131006777541088,0.0165806164939029,4,ok
XE569,-0.0042510905050221,0.0152069741579907,0.009059816661433,0.0268290651986052,4,ok
XE570,-0.003080930860051,0.0117673638433188,0.0117479313037455,0.0206680825582456,4,ok
XE571,-0.011803957482698,0.002167999955418,0.0177642216930144,0.0203918019796448,4,ok
XE572,-0.0126964281589607,0.020747301090978,0.0178118527086743,0.0413291049963334,4,ok
XE573,0.0085737008794239,0.0219752976031486,0.0177064530811032,0.0400798243463087,4,ok
XE574,-0.0015681450306601,-0.015812430988717,0.0,0.0266904991400491,1,ok
XE575,-0.0125293866612992,0.0016117574705276,0.014462850213837,0.02146433081408,4,ok
XE576,0.0005066131398052,0.0106729551089301,0.015989682755297,0.0181550326073897,4,ok
XE577,-0.0169765707437363,0.0002911574515565,0.019406720967617,0.0288494456893238,4,ok
XE578,0.0002693855522011,0.0075388682289485,0.0155199960760624,0.0128176049068589,4,ok
XE579,0.0024597994342911,-0.0089850132662832,0.0215028704082314,0.0158283687694718,4,ok
XE580,-0.0100197487354307,0.0021776338494419,0.0112194785348398,0.0174221749585344,4,ok
XE581,0.0050717503354462,0.0024024569927405,0.0143418210651417,0.0095354383923598,4,ok
XE582,-0.0175930673331095,0.0029007927923885,0.0127932588389536,0.0302963158208506,4,ok
XE583,0.0236872487148502,0.0061152175803727,0.0074415124171422,0.0415670360430409,4,ok
XE584,0.0137977289168702,0.0142348210270029,0.0136610612564231,0.033684029274612,4,ok
XE585,0.0007036430351945,-0.0034813503648365,0.0074380504269616,0.0060348403857135,4,ok
XE586,-0.0074671091315394,0.0116897688826611,0.0107321655882018,0.0235687024911363,4,ok
XE587,-0.0103021458353396,0.0118978027153389,0.0163487145006707,0.0267411180513312,4,ok
XE588,-0.0080209847374135,-0.0044005997874592,0.0145472654624766,0.0155449810754661,4,ok
XE589,-0.0143414722761008,0.000298032086448,0.0153969489809263,0.0243731205579252,4,ok
XE590,-0.0011192793299414,0.0026436391272,0.0091763969204389,0.0048778650325666,4,ok
XE591,0.0112435289679524,0.0080124166447603,0.0090849744198396,0.0234586518624926,4,ok
XE592,-0.0144982978063126,-0.0018942128908747,0.0224496536597042,0.0248436840603508,4,ok
XE593,-0.0007712628039371,-0.0018905813321907,0.0166301037541165,0.003469341852669,4,ok
XE594,0.0001603489663466,0.0034348410717939,0.0099421932458118,0.0058425576517947,4,ok
XE595,0.0015741411043563,0.001107108746055,0.0108855942498835,0.0032699135167012,4,ok
XE596,-0.0065731089257496,0.001340807224551,0.017114142844239,0.0113984791422055,4,ok
XE597,0.0067523680017984,0.0024736879340707,0.0073457517420197,0.0122187295585262,4,ok
XE598,-0.0043169258333364,-0.0023653346138416,0.0193741045825135,0.0083638499590785,4,ok
XE599,0.0037612199130308,0.002354278302846,0.0109688153437154,0.0075394540926839,4,ok
XE600,-0.0156304397141866,0.0059741670984294,0.0164580795516078,0.0284317558375794,4,ok
XE601,0.0036265849848859,0.0142681272118352,0.01746436766346,0.0250140915068483,4,ok
XE602,0.0168113365407407,0.0073671289133017,0.023331343556772,0.0311868368520392,4,ok
XE603,-0.0159833740553949,0.011755091436953,0.0184740037928138,0.0337115718825865,4,ok
XE604,0.0186794312903657,0.0156084833242857,0.0272700403980138,0.0413603917442326,4,ok
XE605,-0.0071874693962854,0.0069358636196739,0.0196102059735644,0.0169712859072897,4,ok
XE606,-0.0162339527414587,0.007185149604993,0.0146931140953502,0.0301643813587737,4,ok
XE607,0.0041702379976413,0.0049853057989821,0.0183157429685405,0.0110435061291741,4,ok
XE608,-0.0057652489635984,0.0130033021000599,0.0158713583063925,0.0241683667413846,4,ok
XE609,-0.0083448989025782,0.0078122746513145,0.0093292449780712,0.0194227125009929,4,ok
XE610,-0.0018772335070025,0.0009296097186961,0.0199102424267145,0.0035593103160374,4,ok
XE611,-0.020011110284031,0.0070482966202689,0.0169239774452153,0.0360486707249301,4,ok
XE612,-0.0057429269509157,0.0209178824500213,0.0164373575352702,0.0368571256331154,4,ok
XE613,-0.0117626402088717,-0.0015022913403299,0.0101788937929607,0.0201484626496711,4,ok
XE614,-0.0123757322953679,0.0117642780114692,0.0122384774819595,0.0290125144445316,4,ok
XE615,-0.0028310444045018,0.0060289438451945,0.0157547941572289,0.0113170694374634,4,ok
XE616,-0.0071047265964807,0.0059466386828717,0.0158566111039812,0.0157422794009312,4,ok
XE617,0.0139207570455255,0.0089773937293102,0.015876851962619,0.0281449654269052,4,ok
XE618,-0.011552946501979,-0.0056089269764925,0.0196276387148286,0.0218209828560385,4,ok
XE619,-0.0011791016240749,-0.0020341671715868,0.003790863262283,0.0039949582506626,4,ok
XE620,0.0096872044241536,0.0011439868640081,0.016173162388086,0.0165740822439138,4,ok
XE621,-0.0053602504258378,0.0127508590358047,0.0167174220419583,0.0235017430150105,4,ok
XE622,-0.0068056871959925,0.0015437105412274,0.0077754778585277,0.0118574144039948,4,ok
XE623,-0.0264286880892541,0.0112414865566279,0.0206611461318261,0.0487989222440753,4,ok
XE624,0.0120469129951743,0.0291389629637706,0.0206254023758262,0.0535749915700227,4,ok
XE625,0.0007989653640834,0.0001332226920567,0.022982960431681,0.0013762795466434,4,ok
XE626,-0.0050683344388744,0.0155354477201399,0.0156254222377078,0.0277658068454731,4,ok
XE627,-0.0100411126695689,0.0038961937584645,0.0134640368224435,0.0183004019907645,4,ok
XE628,-0.0128969641473304,-0.0039293999425353,0.0217526276502388,0.0229079896519095,4,ok
XE629,-0.0148087677489456,0.0161259543842788,0.011689269903807,0.0372004505621149,4,ok
XE630,0.0018175613495259,0.0006416743935915,0.0117916451940892,0.0032750591065407,4,ok
XE631,-0.0057488663696858,0.0049605879771661,0.0148154327350762,0.0129017694844631,4,ok
XE633,-0.0091320319997976,0.0327615419885205,0.0215161180377239,0.057787829665075,4,ok
XE634,-0.0017391336605214,-0.002316143700682,0.0131361101439378,0.0049213190751407,4,ok
XE635,-0.0098814494967882,0.0229739814785716,0.0281479975768122,0.0424931429579714,4,ok
XE636,-0.0081394577746323,0.0065634470311124,0.0127223543254736,0.0177661179872155,4,ok
XE637,-0.0059809608728755,0.003242805897571,0.0153981160725571,0.0115599608755302,4,ok
XE638,-0.0209374814648981,6.174979534989689e-05,0.0189670335660769,0.0355754147241207,4,ok
XE639,0.0008080182369667,-0.0015281610458259,0.0121777028461163,0.0029371509598776,4,ok
XE640,0.0018353649202254,0.0089217909521721,0.0196122193155473,0.0154766200986468,4,ok
XE641,0.0083548442908067,0.0061289905224839,0.0154551111742638,0.0176060110200216,4,ok
XE642,-0.0125718949075235,-0.0004189700775896,0.0161834722343874,0.021372996695838,4,ok
XE643,-0.0209750844314839,0.0204715720801687,0.0118654413389102,0.0498000974115314,4,ok
